iter	Logloss
0	0.4937894349
1	0.417951587
2	0.3766230515
3	0.349443783
4	0.3230539932
5	0.3145354497
6	0.3064686617
7	0.3006468163
8	0.2958688149
9	0.279816271
